Keyword,Searches,Results,Searches:Results
hats,22800,3000000,0.0076
hat,19400,2700000,0.007185185185
beanie,17000,340300,0.04995592125
custom hat,15500,825000,0.01878787879
trucker hat,13300,465800,0.02855302705
cowboy hat,12300,118800,0.1035353535
dad hat,9200,239900,0.03834931221
custom hats,9100,816900,0.01113967438
embroidered hat,8200,528900,0.01550387597
custom trucker hat,7100,335500,0.02116244411
baseball cap,6900,482100,0.01431238332
trucker hat for women,6800,171700,0.0396039604
bucket hat,6600,74400,0.08870967742
red knit hat,6500,43400,0.1497695853
custom embroidered hat,6100,285300,0.02138100245
trucker hats,5700,490000,0.01163265306
cowgirl hat,5000,113200,0.04416961131
baby hat,4800,279900,0.01714898178
birthday hat,4700,372800,0.01260729614
mushroom hat,4400,16700,0.2634730539
mens hats,4400,558400,0.00787965616
derby hat,4100,33900,0.1209439528
beanies,4100,364400,0.01125137212
pillbox hat,4000,11200,0.3571428571
slouchy beanie,3900,48700,0.08008213552
crochet hats,3900,286600,0.01360781577
winter hat,3900,434200,0.008982035928
crochet bucket hat,3800,27900,0.1362007168
fascinator hat,3800,48700,0.07802874743
knit hat,3800,363400,0.01045679692
red hat,3800,476900,0.00796812749
baseball hat,3800,545700,0.006963533077
beanie hat,3700,608000,0.006085526316
chemo hats,3600,28700,0.1254355401
hats and beanies,3600,248600,0.01448109413
cat ear beanie,3500,19700,0.1776649746
derby hats,3500,32600,0.1073619632
top hat,3500,143800,0.02433936022
newborn hat,3500,240900,0.01452885015
vintage hat,3500,722300,0.004845632009
bachelorette hats,3400,46900,0.07249466951
girl dad hat,3400,161400,0.02106567534
knitted hat,3400,268300,0.01267238166
cloche hat,3300,19800,0.1666666667
custom beanie,3300,84800,0.03891509434
trapper hat,3200,308900,0.01035933959
kentucky derby hats women,3100,20000,0.155
hat pin,3000,98700,0.03039513678
funny hats,3000,304700,0.009845749918
mens winter hats and beanies,2900,4000,0.725
1st birthday hat,2900,33100,0.08761329305
beanies for women,2900,78000,0.03717948718
hats for men,2900,538800,0.005382331106
cat beanie,2800,21600,0.1296296296
knit beanie,2800,210200,0.013320647
wedding hats,2800,267400,0.01047120419
cat hat,2700,109500,0.02465753425
wool hat,2700,125300,0.02154828412
vintage trucker hat,2700,141600,0.01906779661
straw hat,2700,332100,0.008130081301
womens hats,2700,676400,0.003991720875
embroidered hats,2700,724800,0.003725165563
baby hats,2700,840800,0.003211227402
hard hat,2600,24200,0.1074380165
fascinator hats for women,2600,27300,0.09523809524
dog birthday hat,2600,36700,0.07084468665
first birthday hat,2600,117500,0.02212765957
dog hat,2600,122100,0.02129402129
sailor hat,2500,21100,0.1184834123
bride hat,2500,53900,0.04638218924
hat bands,2500,73600,0.0339673913
funny hat,2500,305700,0.008177952241
custom cap,2400,356000,0.006741573034
party hats,2400,1100000,0.002181818182
norwegian red hat,2300,1600,1.4375
baseball mom hat,2300,50500,0.04554455446
baby beanie,2300,112500,0.02044444444
cowboy hats,2300,120900,0.01902398677
patches for hats,2300,165400,0.01390568319
custom baseball hat,2300,356400,0.00645342312
hats for women,2300,672800,0.003418549346
embroidered beanie,2200,77100,0.02853437095
hat block,2100,21500,0.0976744186
custom cowboy hat,2100,101500,0.02068965517
sun hat,2100,106000,0.01981132075
vintage hats,2100,683000,0.003074670571
fisherman beanie,2000,5500,0.3636363636
ice hat,2000,20800,0.09615384615
bunny hat,2000,37100,0.0539083558
christian hats,2000,92100,0.0217155266
wool beanie,2000,148600,0.0134589502
custom bucket hat,1900,94900,0.02002107482
embroidered cap,1900,235800,0.008057675997
custom embroidered hats,1900,332800,0.005709134615
half birthday hat,1800,3100,0.5806451613
mom and dad hats,1800,38700,0.04651162791
fleece beanie,1800,218200,0.008249312557
personalized hat,1800,410300,0.004387033878
resistance hat,1700,5300,0.320754717
corduroy hat,1700,23200,0.07327586207
christian hat,1700,30100,0.05647840532
crochet baby hat,1700,77700,0.02187902188
mom hat,1700,117900,0.01441899915
vintage cap,1700,180800,0.009402654867
custom embroidered pet photo hat,1600,884,1.809954751
felt hat,1600,63000,0.0253968254
hat embroidery designs,1600,112200,0.01426024955
toddler hat,1600,1100000,0.001454545455
satin lined beanie,1500,20200,0.07425742574
1/2 birthday hat,1500,23700,0.06329113924
inappropriate trucker hats,1500,130700,0.01147666412
funny trucker hats,1500,230700,0.006501950585
baseball hats,1500,544900,0.002752798679
5 panel hat,1400,9600,0.1458333333
red beanie,1400,49000,0.02857142857
camo hat,1400,51500,0.02718446602
mama hat,1400,124500,0.01124497992
crochet hats for women,1400,171400,0.008168028005
custom trucker hats,1400,299400,0.004676018704
personalized hats,1400,703900,0.001988918881
party hat,1400,1100000,0.001272727273
personalized beanie,1300,53500,0.02429906542
trucker hat patches,1300,73600,0.01766304348
vintage hats women,1300,176600,0.007361268403
knitted beanie,1300,213600,0.006086142322
custom baseball cap,1300,260500,0.004990403071
funny trucker hat,1300,356600,0.003645541223
bucket hats,1200,71600,0.01675977654
custom hat embroidery,1200,276400,0.004341534009
chunky knit beanie,1100,26400,0.04166666667
sun hats for women,1100,46200,0.02380952381
dad hats,1100,217900,0.005048187242
custom hats for men,1100,257300,0.004275165177
embroidered trucker hat,1000,423200,0.00236294896
baseball caps,1000,481100,0.002078569944
newborn beanie,987,131700,0.007494305239
bachelorette trucker hats,967,31000,0.03119354839
chunky beanie,966,31700,0.03047318612
trucker hats women,959,176200,0.005442678774
beanie kinder,949,26000,0.0365
custom caps,948,347900,0.002724920954
handmade beanie,947,90500,0.0104640884
custom dad hat,927,147000,0.006306122449
crochet cat beanie,926,19300,0.04797927461
hand knit beanie,889,156400,0.005684143223
trucker hats for women,879,178400,0.004927130045
western trucker hat,877,268200,0.0032699478
alpaca beanie,855,7700,0.111038961
rave bucket hat,854,4300,0.1986046512
red knit beanie,850,35200,0.02414772727
wool bucket hat,831,48300,0.01720496894
embroidered baseball cap,820,383300,0.002139316462
personalised hat,806,114300,0.007051618548
slouch beanie,800,39000,0.02051282051
dog beanie,799,13900,0.05748201439
custom beanies,772,534800,0.001443530292
mens beanie,749,77000,0.009727272727
baseball hat women,728,192700,0.003777893098
striped beanie,722,15200,0.0475
women’s trucker hat,715,409400,0.001746458232
christian trucker hat,713,12600,0.05658730159
chicago bears beanie,705,8000,0.088125
baseball trucker hat,701,483100,0.001451045332
funny trucker hats for women,685,148600,0.004609690444
vintage trucker hats,676,145500,0.00464604811
trucker hat custom,665,245000,0.002714285714
y2k beanie,662,2700,0.2451851852
womens trucker hats,659,173100,0.003807047949
customized hats,648,847000,0.0007650531287
merino wool beanie,644,16300,0.03950920245
crochet beanies,641,138700,0.00462148522
baby sun hat,633,15100,0.0419205298
bunny beanie,610,5900,0.1033898305
vintage baseball cap,597,108700,0.005492180313
beanie with ears,596,58700,0.01015332198
resist beanie,594,1400,0.4242857143
personalised beanie,590,15000,0.03933333333
cheer dad hat,589,27900,0.02111111111
cotton beanie,588,31800,0.01849056604
custom baseball hats,588,262800,0.002237442922
womens trucker hat,586,191600,0.003058455115
funny beanie,583,63800,0.009137931034
funny baseball cap,582,67100,0.008673621461
camo trucker hat,581,40100,0.01448877805
personalized trucker hat,573,287500,0.001993043478
beanie crochet,572,111500,0.005130044843
funny bucket hat,571,15300,0.03732026144
custom hat patch,569,95900,0.005933263816
vintage hats men,569,724000,0.0007859116022
tie beanie,563,14700,0.03829931973
bride trucker hat,555,18100,0.03066298343
otto trucker hat,553,127200,0.004347484277
personalized baby beanie,545,104200,0.005230326296
inappropriate trucker hats for women,544,74200,0.007331536388
beach trucker hat,542,35100,0.01544159544
custom embroidered beanie,540,44900,0.01202672606
vintage hat pins,538,44500,0.01208988764
baby beanie with name,534,28800,0.01854166667
custom bucket hats,534,361500,0.001477178423
customized hat,532,757100,0.0007026812838
baby bucket hat,530,92600,0.005723542117
women trucker hat,519,169700,0.003058338244
black beanie,517,76000,0.006802631579
feather trucker hat,514,7100,0.0723943662
goth beanie,503,4800,0.1047916667
boy dad hat,503,7100,0.07084507042
embroidered bucket hat,500,221600,0.00225631769
toddler baseball hat,498,10300,0.04834951456
womens beanie,497,145200,0.003422865014
baseball cap women,494,207900,0.002376142376
beanie hats,494,289500,0.001706390328
trucker hat chains,491,23600,0.02080508475
baseball hats for women,491,203800,0.00240922473
embroidered baseball hat,489,415200,0.001177745665
oversized beanie,480,9300,0.05161290323
womens baseball cap,480,393100,0.001221063343
mom trucker hat,478,46500,0.01027956989
girl dad hats,471,20000,0.02355
beanies for men,470,81600,0.005759803922
winter bucket hat,470,146100,0.003216974675
custom hat patches,468,77700,0.006023166023
fur bucket hat,467,21300,0.02192488263
dad hat embroidered,466,153100,0.003043762247
bunny ear beanie,465,27500,0.01690909091
toddler beanie,465,103200,0.004505813953
straw bucket hat,461,16700,0.02760479042
baby baseball hat,455,18600,0.02446236559
custom baby beanie,451,88100,0.005119182747
bucket hat crochet,448,24000,0.01866666667
knit bucket hat,447,23100,0.01935064935
wedding trucker hats,443,270400,0.001638313609
baseball hat box,442,5200,0.085
vintage hat pin,441,46800,0.009423076923
women’s trucker hats,431,183700,0.002346216658
embroidered dad hat,427,127700,0.003343774471
crochet cat ear beanie,425,16300,0.02607361963
trucker hat women,424,165100,0.002568140521
custom hat logo,423,86200,0.004907192575
baseball cap box,422,9100,0.04637362637
cute trucker hat,420,405400,0.001036013814
toddler baseball cap,419,46300,0.009049676026
cute beanie,413,253700,0.001627906977
fish beanie,406,2900,0.14
crochet beanie hat,406,120000,0.003383333333
custom embroidered trucker hat,405,300100,0.00134955015
mom and dad hat,404,37500,0.01077333333
foam trucker hat,397,170300,0.00233118027
bachelorette trucker hat,395,26800,0.01473880597
patch trucker hat,394,68500,0.005751824818
trucker hat roulette,392,261900,0.001496754486
trucker hat template,391,8900,0.04393258427
graphic beanie,391,119100,0.0032829555
cute trucker hats,391,447000,0.0008747203579
personalized baseball hat,388,203900,0.001902893575
dad trucker hat,388,206100,0.001882581271
vintage caps,388,282400,0.001373937677
red trucker hat,384,249700,0.001537845414
clancy beanie,382,2700,0.1414814815
silk beanie,374,48500,0.007711340206
embroidered beanies,362,72700,0.004979367263
embroidered caps,361,321700,0.001122163506
men’s beanie,359,93200,0.00385193133
painted trucker hat,357,3900,0.09153846154
crochet baseball cap,357,12200,0.02926229508
personalized sun hat,356,94800,0.003755274262
leather baseball cap,344,34100,0.01008797654
trucker hat png,342,30800,0.0111038961
bride bucket hat,340,1800,0.1888888889
winter beanie,340,236900,0.001435204728
womens bucket hat,336,89000,0.003775280899
mama trucker hat,335,41000,0.008170731707
softball trucker hat,332,2800,0.1185714286
frog beanie,331,1800,0.1838888889
pink beanie,331,46100,0.007180043384
infant beanie,331,333400,0.0009928014397
personalized bucket hat,330,71100,0.004641350211
vintage hats for women,330,183900,0.001794453507
cowboy trucker hat,329,31400,0.01047770701
fuzzy bucket hat,328,30100,0.01089700997
sun hats,326,104200,0.003128598848
vintage baseball caps,326,189000,0.001724867725
embroidery beanie,323,76700,0.004211212516
funny baseball caps for women,323,104600,0.003087954111
skull beanie,321,88700,0.003618940248
crochet sun hat,320,14300,0.02237762238
wool baseball cap,320,16600,0.01927710843
lion and sun hat,318,1200,0.265
pink trucker hat,318,81300,0.003911439114
womens baseball hats,318,199600,0.001593186373
vintage hat boxes,314,11400,0.02754385965
beanie men,314,68400,0.004590643275
granny square beanie,311,99600,0.00312248996
custom dad hats,311,110300,0.002819582956
red wool beanie,309,45600,0.006776315789
black trucker hat,309,282900,0.001092258749
beach trucker hats,306,42800,0.00714953271
bucket hats for women,305,99000,0.003080808081
cute trucker hats for women,305,150000,0.002033333333
bachelorette bucket hats,303,1700,0.1782352941
rasta beanie,303,3600,0.08416666667
vacation trucker hat,303,428900,0.0007064583819
custom hat pin,295,21300,0.01384976526
wedding trucker hat,294,20100,0.01462686567
custom hat band,293,48900,0.005991820041
customized trucker hat,292,256200,0.001139734582
jesus trucker hat,290,8200,0.03536585366
dog dad hat,290,18200,0.01593406593
baby baseball cap,290,253500,0.001143984221
funny baseball caps,288,119000,0.002420168067
leopard trucker hat,287,3100,0.09258064516
vintage hat stand,287,16100,0.01782608696
infant baseball cap,285,12300,0.02317073171
satin beanie,285,20700,0.01376811594
bear beanie,285,24200,0.0117768595
bucket hat men,285,445700,0.0006394435719
baby boy beanie,284,36500,0.007780821918
green trucker hat,284,457400,0.0006209007433
beanie hats for women,283,110500,0.002561085973
custom trucker hats for women,283,131100,0.002158657513
personalized cap,282,221000,0.0012760181
ski beanie,281,15200,0.01848684211
personalized hats for men,281,400100,0.0007023244189
funny baseball hat,279,87100,0.003203214696
custom beanie hat,278,284700,0.0009764664559
knitted beanies,277,173100,0.00160023108
country trucker hat,275,19600,0.01403061224
denim bucket hat,273,11000,0.02481818182
custom baseball caps,271,401800,0.0006744649079
retro trucker hat,270,176800,0.001527149321
personalised hats,269,137900,0.001950688905
western trucker hats,269,263700,0.001020098597
wintermützen und beanies für männer,265,1200,0.2208333333
mens beanies,262,81200,0.003226600985
vintage baseball hat,262,171400,0.001528588098
mom dad hats,261,69500,0.003755395683
go ask your dad hat,260,990,0.2626262626
baseball cap gift box,260,7700,0.03376623377
trucker hats with patches,260,73000,0.003561643836
personalized baseball cap,259,306500,0.0008450244698
toddler bucket hat,258,12000,0.0215
custom hats embroidery,257,302800,0.0008487450462
mom dad hat,256,151700,0.0016875412
trucker hat chain,255,4400,0.05795454545
custom hat embroidered,255,343000,0.0007434402332
cool beanie,253,220900,0.001145314622
neon trucker hat,252,6900,0.03652173913
custom sun hat,252,52000,0.004846153846
blue bunny beanie,250,1800,0.1388888889
ladies sun hats for small heads,249,1000,0.249
straw sun hat,249,16400,0.01518292683
strawberry beanie,248,1300,0.1907692308
brown trucker hat,247,33700,0.007329376855
baseball cap holder,246,4800,0.05125
red beanie hat,246,43800,0.005616438356
trucker hat funny,245,82600,0.002966101695
personalized beanies,244,89700,0.002720178372
crochet bucket hats,243,130200,0.001866359447
red beanie with tassel,242,1600,0.15125
trucker hat with patches,242,73700,0.00328358209
customized cap,242,199000,0.001216080402
unhinged trucker hats,241,201300,0.001197218082
edm bucket hat,240,1700,0.1411764706
baby beanies,240,127800,0.001877934272
camo beanie,239,3300,0.07242424242
hand embroidered hat,239,444600,0.0005375618534
wide brim sun hat,237,20600,0.01150485437
crochet baby beanie,237,53800,0.004405204461
cat beanie crochet,235,16800,0.01398809524
custom embroidered cap,235,115100,0.002041702867
festival bucket hat,234,66200,0.003534743202
personalized trucker hats,234,217800,0.001074380165
ice melt beanie,233,1500,0.1553333333
custom beanie hats,233,849100,0.0002744081969
baseball cap storage,232,1800,0.1288888889
trendy trucker hat,232,87000,0.002666666667
cute baseball cap,232,136000,0.001705882353
vintage hat block,231,5100,0.04529411765
blank trucker hat,230,394900,0.0005824259306
toddler trucker hat,229,19500,0.01174358974
new era custom hat,228,1200,0.19
funny dad hats,227,181000,0.001254143646
granny square bucket hat,226,6000,0.03766666667
mens trucker hat,226,190700,0.001185107499
black baseball cap,225,351400,0.000640295959
cloud 9 beanie,224,1000,0.224
trucker hat patch,219,70200,0.00311965812
feral trucker hat,219,337800,0.000648312611
granny square trucker hat,218,7400,0.02945945946
baby trucker hat,218,128500,0.001696498054
crochet bucket hat men,216,11500,0.0187826087
floral embroidered hat,216,59500,0.003630252101
trucker hat mens,216,215700,0.001001390821
funny dad hat,215,157100,0.00136855506
red beanie resistance,214,1600,0.13375
knitted bucket hat,214,172700,0.001239143023
trucker hats funny,213,98100,0.002171253823
men beanie,213,126300,0.001686460808
welding beanie,212,948,0.223628692
vintage dad hats,212,85200,0.002488262911
fur trucker hat,211,8600,0.02453488372
baseball hat storage,208,2300,0.09043478261
embroider hat,208,573800,0.0003624956431
dance dad hat,206,1700,0.1211764706
kids bucket hat,206,41800,0.004928229665
vintage dad hat,206,113600,0.001813380282
sun hat woman,205,67000,0.003059701493
bride sun hat,204,4000,0.051
frog bucket hat,202,2100,0.09619047619
christian trucker hats for woman,202,4900,0.0412244898
basketball trucker hat,202,5900,0.03423728814
vintage hat rack,202,13300,0.01518796992
baseball cap svg,202,32800,0.006158536585
trucker hat for men,201,280800,0.0007158119658
personalized caps,201,438100,0.0004587993609
cowgirl trucker hat,200,27900,0.007168458781
personalised baseball cap,200,98700,0.002026342452
faux fur bucket hat,198,18800,0.01053191489
kids beanie,198,161500,0.001226006192
baseball cap template,197,35500,0.005549295775
custom embroidered baseball cap,197,193600,0.001017561983
trucker hat mockup,196,3100,0.06322580645
mother trucker hat,195,38500,0.005064935065
crotchet bucket hat,195,102000,0.001911764706
beaded baseball cap,194,4200,0.04619047619
bucket hat women,194,45200,0.004292035398
custom logo embroidered hat,194,174400,0.001112385321
ladies sun hats,193,28800,0.006701388889
baseball hat gift box,192,3900,0.04923076923
baseball trucker hats woman,191,177300,0.001077270164
men’s trucker hat,191,391900,0.0004873692268
western trucker hats womens,189,12600,0.015
cruise trucker hat,188,13700,0.01372262774
baseball caps for women,188,474400,0.0003962900506
kids trucker hat,187,51100,0.003659491194
patchwork bucket hat,187,99100,0.001886982846
floral baseball cap,186,16100,0.01155279503
unique baseball caps,186,66300,0.002805429864
toddler sun hat,184,20600,0.008932038835
mom baseball hat,182,64800,0.002808641975
cat dad hat,181,7100,0.02549295775
bride baseball cap,180,15800,0.01139240506
raffia bucket hat,179,15000,0.01193333333
fleece beanies,179,228200,0.0007843996494
strawberry bucket hat,178,2000,0.089
golf trucker hat,178,17600,0.01011363636
90s vintage hats,178,33100,0.005377643505
country trucker hats,177,436300,0.0004056841623
distressed baseball cap,176,114100,0.001542506573
christian baseball cap,175,13900,0.01258992806
christian trucker hats,175,169500,0.001032448378
personalized embroidered hat,175,410700,0.0004261017775
rhinestone baseball cap,173,6500,0.02661538462
fur baseball cap,173,392100,0.000441213976
womens baseball hat,169,190500,0.0008871391076
embroidered trucker hats,169,383200,0.0004410229645
mushroom bucket hat,168,2700,0.06222222222
womens sun hat,166,52700,0.003149905123
baseball cap rack,165,2600,0.06346153846
burned trucker hat,165,4500,0.03666666667
birthday trucker hat,164,77700,0.002110682111
womens baseball caps,164,184200,0.0008903365907
fluffy bucket hat,163,5200,0.03134615385
embroidered sun hat,163,46500,0.003505376344
texas trucker hat,163,190200,0.0008569926393
handmade bucket hat,162,87300,0.001855670103
summer trucker hat,162,202400,0.0008003952569
trucker hat embroidered,162,490100,0.0003305447868
hot pink trucker hat,161,3500,0.046
beach trucker hat women,159,18700,0.008502673797
cheer trucker hat,158,2500,0.0632
embroidered hats for women,157,195800,0.0008018386108
trucker hat pins,155,5300,0.02924528302
customize hat,155,584000,0.0002654109589
baseball hat holder,154,18800,0.008191489362
crochet baseball hat,154,83100,0.001853188929
personalized dad hat,153,143900,0.00106323836
custom hat pins,152,55400,0.00274368231
pathfinder baseball cap,151,1200,0.1258333333
customized beanie,151,77300,0.001953428202
mens vintage hat,150,110700,0.00135501355
custom hats no minimum,149,1300,0.1146153846
90s vintage cap,149,21600,0.006898148148
baseball mom trucker hat,149,47500,0.003136842105
embroidered baseball caps,149,309600,0.0004812661499
funny trucker hats vacation,148,164200,0.0009013398295
girls trip trucker hats,147,8100,0.01814814815
satin lined baseball cap,147,33400,0.004401197605
greenland baseball cap,146,1000,0.146
hawaii trucker hat,146,2200,0.06636363636
baseball cap burning designs,145,1700,0.08529411765
vintage sun hats,145,49200,0.002947154472
funny trucker hat women,145,184700,0.0007850568489
linen sun hat,144,3700,0.03891891892
custom hat rack,144,10700,0.01345794393
trucker hat for women funny,144,173600,0.0008294930876
custom hats for women,144,513100,0.0002806470474
mum and dad hats,143,14800,0.009662162162
red baseball cap,143,98700,0.001448834853
cute baseball hat,142,226000,0.0006283185841
puff trucker hat,141,4300,0.03279069767
satin lined sun hat,141,7200,0.01958333333
trucker hat men,141,214000,0.0006588785047
baseball trucker hats,140,490700,0.0002853067047
custom hat bands,139,23500,0.005914893617
trucker hat vintage,139,144400,0.0009626038781
mens baseball cap,138,213300,0.00064697609
new dad hat,136,22200,0.006126126126
custom hat clip,136,32000,0.00425
personalized hats for women,136,200900,0.0006769537083
custom hats embroidered,136,232600,0.0005846947549
custom hats with logo,136,457300,0.0002973977695
black baseball hat,135,265700,0.0005080918329
floral trucker hat,134,15100,0.008874172185
women baseball hat,134,196200,0.0006829765545
custom hat box,133,10900,0.01220183486
mens baseball caps,133,221600,0.0006001805054
camo dad hat,132,23600,0.005593220339
dad baseball cap,132,205200,0.0006432748538
trucker hat svg,131,34500,0.003797101449
checkered trucker hat,128,5400,0.0237037037
vintage hat patches,128,73000,0.001753424658
sorry about my husband trucker hat,128,222000,0.0005765765766
custom hats bulk,126,208800,0.0006034482759
cheer mom trucker hat,125,41400,0.003019323671
embroidered hat patches,125,122700,0.001018744906
cute baseball caps,125,557900,0.0002240544901
custom logo trucker hat,124,151300,0.0008195637806
women’s baseball hat,124,214900,0.000577012564
kids custom beanie,123,43500,0.002827586207
customized baseball cap,123,170400,0.0007218309859
packable sun hat,121,36100,0.003351800554
custom hats with patches,121,84400,0.001433649289
japanese baseball cap,120,52200,0.002298850575
baseball hat patches,120,70800,0.001694915254
crochet trucker hat,119,12300,0.009674796748
youth trucker hat,119,17500,0.0068
kids baseball hat,119,55000,0.002163636364
vintage hat woman,119,156800,0.0007589285714
women trucker hats,119,173800,0.0006846950518
embroidered hat men,119,366700,0.0003245159531
tequila trucker hat,118,1800,0.06555555556
darlin trucker hat,118,32000,0.0036875
pink baseball cap,118,65600,0.001798780488
personalized baseball caps,118,228600,0.0005161854768
goth sun hat,117,1500,0.078
trucker hat designs,117,21400,0.00546728972
trucker hats men,116,215500,0.0005382830626
mexico baseball hat,114,5800,0.01965517241
hand painted trucker hat,114,160800,0.0007089552239
funny embroidered hat,114,250700,0.0004547267651
dirty trucker hat,114,278600,0.0004091888011
baseball hat display,113,6300,0.01793650794
boho trucker hat,113,172000,0.0006569767442
baseball cap men,113,216000,0.0005231481481
howdy trucker hat,112,2100,0.05333333333
wifey trucker hat,112,174500,0.0006418338109
boy mom trucker hat,112,191200,0.0005857740586
custom embroidered baseball hat,112,260500,0.0004299424184
embroidered hat logo,112,323200,0.0003465346535
bachelorette trucker hats custom,111,34500,0.003217391304
vintage sun hat,111,36900,0.003008130081
trucker hats custom,109,213500,0.0005105386417
baseball hat custom,109,276000,0.0003949275362
volleyball trucker hat,107,1900,0.05631578947
women baseball cap,106,488000,0.0002172131148
foldable sun hat,104,9900,0.01050505051
embroidered hat custom,104,285700,0.0003640182009
sun hat women,103,33000,0.003121212121
twin dad hat,103,68000,0.001514705882
red baseball hat,103,87100,0.001182548794
custom full color trucker hat,103,627000,0.0001642743222
brown baseball cap,102,381100,0.0002676462871
bride baseball hat,101,10100,0.01
heart trucker hat,101,24600,0.004105691057
infant baseball hat,101,33300,0.003033033033
girl dad trucker hat,101,103400,0.0009767891683
47 brand custom hats,100,1000,0.1
phish trucker hat,100,1600,0.0625
custom hat for men,100,196900,0.0005078720163
fun trucker hats,100,428700,0.0002332633543
baseball hat chain,99,4600,0.02152173913
custom trucker hats wedding,99,15500,0.006387096774
green baseball cap,98,88400,0.001108597285
custom hat with logo,98,224100,0.0004373047747
japanese sun hat,97,1500,0.06466666667
custom patch trucker hat,97,220100,0.0004407087687
embroidery baseball cap,96,101500,0.0009458128079
sun hat men,96,154100,0.000622972096
kids custom hat,96,223500,0.0004295302013
dad hats embroidered,96,268200,0.0003579418345
ol lady trucker hat,95,1300,0.07307692308
western baseball hat,95,29400,0.003231292517
baseball cap embroidered,94,220300,0.0004266908761
custom camo trucker hat,93,13300,0.006992481203
embroidered hat women,93,208300,0.0004464714354
bling baseball hat,92,5700,0.01614035088
trucker hat bachelorette,92,21300,0.004319248826
newborn personalized hat,92,74800,0.001229946524
ladies baseball cap,92,177100,0.0005194805195
customized hats with design,92,199300,0.0004616156548
women’s baseball cap,92,232200,0.0003962101637
womens sun hats,91,45700,0.001991247265
baseball cap organizer,90,4500,0.02
women’s sun hat,90,43700,0.002059496568
embroidered trucker hat for women,90,144100,0.0006245662734
funny embroidered hats,90,444800,0.0002023381295
customizable trucker hat,89,215200,0.0004135687732
mens sun hats,88,35300,0.002492917847
dad baseball hat,88,172800,0.0005092592593
cool dad hats,87,9000,0.009666666667
infant sun hat,87,23600,0.003686440678
cotton sun hat,87,25100,0.003466135458
newborn embroidered hat,87,65700,0.001324200913
50th birthday trucker hats,87,242200,0.0003592072667
camo baseball hat,86,42800,0.002009345794
custom hats wedding,86,169300,0.0005079740106
dog baseball hat,85,20500,0.004146341463
custom beanie with logo,85,63900,0.001330203443
custom number baseball hat,84,3000,0.028
silk lined baseball cap,84,5400,0.01555555556
embroidered hat patch,84,149200,0.000563002681
bulk custom hats,84,234000,0.000358974359
embroider cap,84,295700,0.0002840716943
baby girl sun hat,83,6000,0.01383333333
baseball hat pins,83,6300,0.01317460317
jesus trucker hats,83,12200,0.006803278689
two tone dad hat,83,138200,0.0006005788712
trucker hat for women green,83,182200,0.0004555433589
customize hats,83,638100,0.0001300736562
rare vintage cap,82,7300,0.01123287671
dog baseball cap,82,19000,0.004315789474
vintage baseball hats,82,188600,0.0004347826087
trucker hats for men,82,223700,0.0003665623603
mens sun hat,81,43100,0.001879350348
witchy sun hat,80,1600,0.05
we the people baseball cap,80,1700,0.04705882353
rad dad hat,80,19500,0.004102564103
kids baseball cap,80,34900,0.00229226361
custom text embroidered hat,80,48700,0.001642710472
summer trucker hat women,80,56500,0.001415929204
pink baseball hat,80,72900,0.00109739369
customized caps,80,311900,0.0002564924655
irish baseball hat,79,3100,0.02548387097
fitted baseball cap,79,10900,0.007247706422
women’s baseball hats,79,218700,0.000361225423
dad embroidered hat,79,306700,0.0002575806978
golf dad hat,78,7100,0.01098591549
personalised sun hat,78,9900,0.007878787879
cute baseball hat women,78,20800,0.00375
custom logo baseball hat,78,157800,0.0004942965779
dad hat rack,77,1400,0.055
hemp sun hat,77,1500,0.05133333333
sun hat large head,77,2200,0.035
toddler girl baseball hat,77,17800,0.004325842697
baby boy baseball hat,77,18600,0.004139784946
sun hats for men,77,56100,0.00137254902
baseball hat patch,77,152100,0.0005062458909
baseball hat template,76,38600,0.001968911917
newborn custom hat,76,68000,0.001117647059
western baseball cap,76,239900,0.0003167986661
christian dad hats,75,5500,0.01363636364
custom hats for boyfriend,75,6200,0.01209677419
cat baseball hat,75,8000,0.009375
wool baseball hat,75,19800,0.003787878788
custom cap graduation,75,38500,0.001948051948
personalized baseball hats,75,242000,0.0003099173554
mom trucker hats,74,46000,0.001608695652
customize hats for birthday,74,153300,0.0004827136334
jesus saves i spend trucker hat,73,1200,0.06083333333
well sheeyit trucker hat,73,1300,0.05615384615
angels baseball hat,73,1900,0.03842105263
silk baseball cap,73,2300,0.03173913043
bling baseball caps,73,8300,0.008795180723
fun trucker hat,73,485700,0.0001502985382
custom hat bulk,72,21800,0.003302752294
dad hat camo,72,22600,0.003185840708
green baseball hat,72,58900,0.001222410866
personalized caps for men,72,61300,0.001174551387
horse baseball cap,71,2900,0.02448275862
women sun hat with ponytail hole,71,5400,0.01314814815
personalised beanie hat,71,33800,0.002100591716
baseball hat mom,71,212500,0.0003341176471
baseball hat embroidery,71,306900,0.0002313457152
puerto rico dad hat,70,1200,0.05833333333
corduroy dad hat,70,15400,0.004545454545
embroidered custom hat,70,335700,0.0002085195115
baseball hat box template,69,1400,0.04928571429
dog sun hat,69,14800,0.004662162162
baseball cap funny,69,97300,0.0007091469681
gothic sun hat,68,1700,0.04
movie baseball cap,68,4500,0.01511111111
dad hat patch,68,21000,0.003238095238
floppy sun hat,68,25400,0.002677165354
fur baseball hat,68,41300,0.001646489104
initial baseball cap,68,63500,0.001070866142
baseball hat embroidered,68,349800,0.0001943967982
xxl custom hat,67,3100,0.02161290323
doll baseball cap,67,7300,0.009178082192
dog embroidered hat,67,21900,0.003059360731
personalized baby sun hat,67,47700,0.001404612159
customized baseball hat,67,228700,0.0002929602099
baseball hats for men,67,333500,0.0002008995502
custom beanie kids,66,58300,0.001132075472
personalized hat for boyfriend,65,2500,0.026
baby boy sun hat,65,2600,0.025
mama baseball cap,65,11100,0.005855855856
wide brim sun hats,65,22100,0.002941176471
kids sun hat,65,25300,0.00256916996
beach baseball cap,65,38400,0.001692708333
white sun hat,65,47300,0.001374207188
two tone baseball cap,64,5000,0.0128
bachelorette baseball hats,64,19800,0.003232323232
new dad hats,64,23400,0.002735042735
mens baseball hat,64,233400,0.0002742073693
pinstripe baseball hat,63,1400,0.045
baseball hat organizer,63,4300,0.01465116279
baseball cap box svg,63,11000,0.005727272727
baby sun hats,63,11600,0.005431034483
embroidered hat band,63,30700,0.002052117264
custom embroidered dad hat,63,71500,0.0008811188811
embroidered hats funny,63,92600,0.0006803455724
baseball hat for women,63,200600,0.0003140578265
custom hats for wedding,63,225000,0.00028
custom hat men,63,269400,0.0002338530067
rhinestone baseball hat,62,8900,0.006966292135
custom hats bachelorette,62,25200,0.00246031746
volleyball dad hat,62,101500,0.0006108374384
custom beanie men,62,133900,0.0004630321135
baseball custom hat,62,265400,0.0002336096458
christian baseball hats,61,15100,0.004039735099
baby personalised hat,61,17900,0.003407821229
bachelorette baseball cap,61,19200,0.003177083333
funny baseball hats,61,187900,0.0003246407664
embroidered baseball hats,61,373500,0.0001633199465
richardson dad hat,60,5800,0.01034482759
girls baseball hat,60,40100,0.001496259352
black dad hat,60,94000,0.0006382978723
embroidered hat funny,60,427500,0.0001403508772
goth baseball cap,59,7800,0.007564102564
denim baseball cap,59,23100,0.002554112554
distressed baseball hat,59,27600,0.002137681159
baseball cap custom,59,256200,0.0002302888368
custom hat women,59,295000,0.0002
3d embroidered hat,59,546900,0.0001078807826
cinderella baseball cap,58,1500,0.03866666667
puerto rico baseball cap,58,1600,0.03625
goth dad hat,58,2200,0.02636363636
camo baseball cap,58,29700,0.001952861953
beach baseball hat,58,36700,0.001580381471
cool dad hat,58,75400,0.0007692307692
logo embroidered hat,58,136500,0.0004249084249
mama embroidered hat,58,212200,0.00027332705
kids personalized hat,58,258000,0.0002248062016
baseball hat hanger,57,2700,0.02111111111
newborn baseball hat,57,14200,0.004014084507
corduroy baseball cap,57,19900,0.002864321608
camo embroidered hat,57,37400,0.001524064171
baseball cap vintage,57,100600,0.0005666003976
baseball hats women,57,200000,0.000285
brown baseball hat,56,40000,0.0014
boys baseball hat,56,47800,0.001171548117
customize beanie,56,99900,0.0005605605606
women’s baseball caps,56,205700,0.0002722411279
women’s embroidered hat,56,352500,0.0001588652482
baseball hat embroidery file,55,11000,0.005
youth baseball cap,55,16500,0.003333333333
purple baseball hat,55,36200,0.001519337017
pet embroidered hat,54,21900,0.002465753425
pink dad hat,54,27300,0.001978021978
vintage custom hat,54,125200,0.0004313099042
baby personalized hat,54,160200,0.0003370786517
customized hat for men,54,218400,0.0002472527473
hand embroidered baseball cap,54,331900,0.0001626996083
kids personalised hat and scarf,53,1300,0.04076923077
mid profile baseball cap,53,7200,0.007361111111
girl dad hat for men,53,17100,0.003099415205
personalised hat baby,53,18000,0.002944444444
mens custom hats,53,129700,0.0004086353123
black embroidered hat,53,198100,0.0002675416456
low profile baseball cap,53,250500,0.0002115768463
baseball custom hats,53,276700,0.0001915431876
cotton baseball cap,53,333300,0.0001590159016
custom embroider hat,53,470100,0.0001127419698
personalized beanie hat,53,472000,0.0001122881356
custom cap new era,52,946,0.05496828753
vintage caps 90s,52,16700,0.003113772455
dad hats for women,52,67200,0.0007738095238
womens embroidered hat,52,132600,0.0003921568627
baseball cap for women,52,202900,0.0002562838837
custom embroidered hat logo,52,285200,0.0001823281907
cute embroidered hat,52,436100,0.0001192387067
hand embroidered hats,52,556700,0.00009340758038
personalized hat rack,51,8000,0.006375
cat baseball cap,51,18300,0.002786885246
cowboy baseball hat,51,28800,0.001770833333
flower embroidered hat,51,69500,0.0007338129496
baseball hat funny,51,101100,0.0005044510386
baseball cap cute,51,120100,0.0004246461282
upside down custom hat,51,171000,0.000298245614
white baseball cap,51,264400,0.0001928895613
upside down baseball hat,51,454900,0.0001121125522
embroider hats,51,558600,0.00009129967777
custom beanie logo,50,54300,0.0009208103131
distressed dad hat,50,124400,0.0004019292605
kids embroidered hat,50,333900,0.0001497454328
afro girl with a baseball cap on,49,1200,0.04083333333
japanese dad hat,49,2200,0.02227272727
vintage cap veil,49,3400,0.01441176471
baseball hat cookie cutter,49,3500,0.014
painted baseball cap,49,3800,0.01289473684
cowgirl baseball caps,49,7500,0.006533333333
baseball hats for moms,49,49500,0.0009898989899
custom hat tags,49,65100,0.000752688172
only dads hat,49,76300,0.0006422018349
white baseball hat,49,115300,0.0004249783174
personalized beanie kids,49,118700,0.0004128053917
dad hats for men,49,119500,0.000410041841
baseball cap display,48,2800,0.01714285714
navy blue baseball cap,48,26900,0.001784386617
fun baseball caps,48,120500,0.000398340249
washed baseball cap,48,217500,0.0002206896552
men’s custom hat,48,315400,0.0001521876982
personalized hat brim clips,47,2100,0.02238095238
christian embroidered hat,47,12000,0.003916666667
youth custom hat,47,13300,0.003533834586
christian baseball hat,47,15000,0.003133333333
camo custom hat,47,23500,0.002
embroidered hat designs,47,27600,0.001702898551
personalized beanie for men,47,35400,0.001327683616
vintage caps for men,47,139100,0.0003378864127
customizable baseball cap,47,143800,0.0003268428373
custom caps for women,47,221000,0.0002126696833
mens baseball hats,47,262100,0.0001793208699
leopard baseball cap,46,2600,0.01769230769
baseball cap gift box template,46,7600,0.006052631579
embroidered cap custom,46,60500,0.0007603305785
dad hat custom,46,86300,0.0005330243337
baseball cap box template,45,35000,0.001285714286
customized hats embroidery,45,121000,0.0003719008264
embroidered hat for men,45,345300,0.0001303214596
mama and dad hats,44,31400,0.001401273885
youth baseball hats,44,63500,0.0006929133858
mens embroidered hat,44,215000,0.0002046511628
raised embroidered hat,43,1900,0.02263157895
custom beanie embroidered,43,51100,0.0008414872798
cowboy baseball cap,43,108000,0.0003981481481
ladies baseball caps,43,166300,0.0002585688515
blue baseball cap,43,185900,0.0002313071544
customize cap,43,300800,0.0001429521277
baseball embroidered hat,43,402900,0.0001067262348
custom beanies bulk,42,1600,0.02625
bedazzled baseball cap,42,1800,0.02333333333
canada baseball hat,42,2900,0.01448275862
crochet baseball caps,42,14900,0.002818791946
western embroidered hat,42,21400,0.001962616822
baseball hat logo embroidered,42,80500,0.0005217391304
personalized hat for women,42,341500,0.0001229868228
embroidered custom hats,42,436600,0.00009619789281
adventist baseball cap,41,1200,0.03416666667
chicken embroidered hat,41,1800,0.02277777778
personalized hats newborn,41,3000,0.01366666667
mum and dad hat,41,17400,0.002356321839
personalized baby baseball hat,41,28800,0.001423611111
kids baseball hats,41,54400,0.0007536764706
baby personalized beanie,41,132300,0.0003099017385
custom caps for men,41,168900,0.0002427471877
kids personalized hats,41,210400,0.0001948669202
baseball hat men,41,238800,0.0001716917923
coffee baseball cap,40,2600,0.01538461538
firefighter custom hat,40,4100,0.009756097561
book baseball caps,40,4600,0.008695652174
youth baseball hat,40,14900,0.002684563758
yellow baseball hat,40,19700,0.002030456853
birthday baseball hat,40,91800,0.0004357298475
baseball cap multicam,39,575,0.06782608696
vintage cap toys,39,4100,0.009512195122
book baseball hat,39,4600,0.00847826087
newborn personalised hat,39,6500,0.006
embellished baseball caps,39,12800,0.003046875
custom hat camo,39,19700,0.001979695431
embroidered hats custom,39,247700,0.0001574485264
custom hat for women,39,267900,0.0001455767077
toddler custom hat,39,296000,0.0001317567568
baseball cap wig,38,1600,0.02375
softball dad hat,38,1700,0.02235294118
burned baseball cap,38,6100,0.006229508197
custom beanie embroidery,38,30000,0.001266666667
classic dad hat,38,33900,0.001120943953
pink embroidered hat,38,89800,0.0004231625835
embroidered hat flowers,38,96300,0.0003946002077
upside down dad hat,38,117000,0.0003247863248
baseball hats custom,38,257700,0.0001474582848
number baseball hat,38,313500,0.0001212121212
personalized beanie hats,38,327500,0.0001160305344
vintage cap sleeve nightgown,37,1200,0.03083333333
hand burned baseball cap,37,2000,0.0185
custom hat upside down,37,4100,0.009024390244
fishing dad hat,37,5400,0.006851851852
custom hat labels,37,10200,0.00362745098
crocheted baseball cap,37,14300,0.002587412587
dad hat snapback,37,26600,0.001390977444
custom baby baseball hat,37,28900,0.001280276817
3d puff embroidered hats,36,2000,0.018
custom hat bouquet,36,4000,0.009
baseball cap hanger,36,7100,0.005070422535
fish embroidered hat,36,7800,0.004615384615
baseball cap gift boxes,36,8700,0.004137931034
personalised hat kids,36,13300,0.002706766917
custom hat with patches,36,46000,0.0007826086957
animal embroidered hat,36,65500,0.0005496183206
personalized hats for boys,36,182600,0.0001971522453
cheer dad hats,35,1700,0.02058823529
baseball hat png,35,27400,0.001277372263
baby embroidered hat,35,68500,0.0005109489051
mom & dad hat,35,75400,0.0004641909814
best dad hat,35,111200,0.0003147482014
custom hat design,35,206300,0.000169655841
personalized hat women,35,273200,0.0001281112738
baseball caps custom,35,351700,0.00009951663349
hockey dad hat,34,5000,0.0068
army dad hat,34,6000,0.005666666667
hand embroidered baseball hat,34,13600,0.0025
boys personalized hat,34,38100,0.0008923884514
personalized beanie for newborn,34,46100,0.000737527115
toddler embroidered hat,34,64000,0.00053125
custom hat with leather patch,34,87200,0.0003899082569
baseball hat personalized,34,178800,0.0001901565996
personalized hat men,34,189300,0.0001796090861
toddler personalized hat,34,239600,0.000141903172
baseball caps embroidered,34,348100,0.00009767308245
upside down embroidered hat,34,359200,0.00009465478842
vintage kids baseball cap,33,3300,0.01
custom cap and gown,33,9000,0.003666666667
bachelorette custom hats,33,26000,0.001269230769
customized beanies,33,88700,0.0003720405862
personalized hat for men,33,106400,0.0003101503759
baby boy personalized hat,33,171600,0.0001923076923
baseball cap for men,33,226500,0.0001456953642
custom hat for boyfriend,33,275300,0.0001198692336
custom hat print,33,315400,0.0001046290425
dads hat,33,360900,0.00009143807149
polka dot baseball cap,32,1500,0.02133333333
puff embroidered hat,32,4900,0.006530612245
ny baseball cap,32,6300,0.005079365079
christian dad hat,32,9800,0.003265306122
custom hat holder,32,20600,0.001553398058
country baseball hat,32,20900,0.001531100478
embroidered caps women,32,40300,0.000794044665
personalized hat boys,32,40800,0.0007843137255
personalized hat toddler,32,54200,0.0005904059041
#1 dad hat,32,182600,0.0001752464403
custom embroidered caps,32,208300,0.0001536245799
monogrammed baseball hat,32,299200,0.0001069518717
soccer dad hat,31,2000,0.0155
two tone baseball hat,31,11600,0.002672413793
girl dad hat pink,31,19400,0.001597938144
custom hat chain,31,29500,0.001050847458
custom dad hat embroidery,31,51500,0.0006019417476
custom hat with dog,31,120300,0.0002576891106
personalized hat kids,31,175500,0.0001766381766
bonus dad hat,31,201000,0.0001542288557
custom hat trucker,31,220100,0.0001408450704
250th embroidered cap,30,1100,0.02727272727
embroidered custom hats and visors,30,16100,0.001863354037
custom hat bachelorette,30,27900,0.001075268817
custom hat flat bill,30,28500,0.001052631579
embroidered hat cute,30,41500,0.0007228915663
hand embroidered cap,30,85500,0.000350877193
last name personalized hat,30,121100,0.0002477291495
custom fitted baseball hat,30,140800,0.0002130681818
customize baseball hat,30,176400,0.0001700680272
kids custom hats,30,189300,0.0001584786054
personalized embroidered hats,30,231800,0.0001294219154
custom hats men,30,287200,0.0001044568245
women baseball caps,30,324400,0.0000924784217
grateful dad hat,29,1800,0.01611111111
personalised hat and blanket,29,2800,0.01035714286
morning person hat,29,4700,0.006170212766
personalized toddler baseball hat,29,25500,0.001137254902
cat embroidered hat,29,39500,0.0007341772152
bow embroidered hat,29,44600,0.0006502242152
custom hats for bachelorette,29,62400,0.0004647435897
dad hat funny,29,133400,0.0002173913043
men’s embroidered hats,29,241100,0.0001202820406
baseball cap giftbox,29,291400,0.00009951956074
customed hats,29,1000000,0.000029
cooking baseball hat,28,2100,0.01333333333
cheap custom hats,28,2700,0.01037037037
baseball hat with number,28,4800,0.005833333333
book person hat,28,4900,0.005714285714
personalized beanie kid,28,9400,0.002978723404
custom hat with photo,28,52600,0.0005323193916
embroided cap,28,118200,0.0002368866328
embroidered hats for men,28,166400,0.0001682692308
custom hat mens,28,250100,0.0001119552179
name embroidered hat,28,275600,0.0001015965167
personalized hats for kids,28,863700,0.00003241866389
mens baseball hat ufo,27,1200,0.0225
baseball cap burning design,27,2800,0.009642857143
custom hats bachelorette party,27,22100,0.001221719457
plain baseball hat,27,22900,0.001179039301
custom cap embroidery,27,30600,0.0008823529412
custom cap for graduation,27,40200,0.000671641791
custom logo dad hat,27,86000,0.0003139534884
custom hat patches iron on,27,95200,0.0002836134454
embroidered hat design,27,114100,0.0002366345311
embroidered dad hats,27,140200,0.0001925820257
personalized hat baby,27,223100,0.0001210219632
womens embroidered hats,27,238200,0.0001133501259
mens embroidered hats,27,332500,0.00008120300752
custom hat richardson,27,632800,0.00004266750948
dropout baseball hat,26,1300,0.02
sayings for old age on baseball hats,26,1300,0.02
250th anniversary embroidered hat,26,1400,0.01857142857
ladies monogram baseball cap,26,1700,0.01529411765
dance dad hats,26,1900,0.01368421053
baseball hat cricut,26,6700,0.003880597015
kids personalised hat,26,16600,0.00156626506
cute baseball hats,26,38900,0.0006683804627
personalized hat holder,26,51700,0.000502901354
mom baseball hats,26,64600,0.0004024767802
custom washed dad hat,26,84300,0.0003084223013
custom hat snapback,26,88700,0.0002931228861
custom hat wedding,26,95200,0.0002731092437
custom hat for wedding,26,125200,0.0002076677316
custom hat with patch,26,276600,0.00009399855387
embroidered hats men,26,482500,0.00005388601036
dad hat stand,25,2300,0.01086956522
custom hat maker,25,3000,0.008333333333
custom hat bar,25,6900,0.003623188406
political baseball hats,25,12300,0.002032520325
custom pet embroidered hat,25,15600,0.001602564103
personalised beanie hats,25,16900,0.001479289941
snapback custom hats,25,22800,0.001096491228
camo custom hats,25,36600,0.0006830601093
personalized beanie for kids,25,58400,0.0004280821918
customize hats embroidery,25,83300,0.000300120048
dad hat black,25,100700,0.0002482621648
baseball dad hat,25,174900,0.0001429388222
doodle dad hat,25,205000,0.0001219512195
mens custom hat,25,211500,0.0001182033097
dads hats,25,212300,0.0001177578898
embroided hats,25,368500,0.00006784260516
fun baseball hats,25,385100,0.00006491820306
customized embroidered hats,25,418000,0.00005980861244
personalized hats for men and women,25,579100,0.00004317043688
seashell embroidered hat,24,1800,0.01333333333
custom beanie plush,24,2400,0.01
1st birthday embroidered hat,24,3200,0.0075
custom hat with number,24,7000,0.003428571429
embroidered hat pet,24,17200,0.001395348837
cute dad hat,24,26800,0.0008955223881
personalized hat pin,24,40600,0.0005911330049
custom embroidered hats men,24,85600,0.0002803738318
dad hat with kids name,24,89500,0.0002681564246
happy dad hat,24,152600,0.0001572739187
custom hat baseball,24,287200,0.00008356545961
custom embroidered caps australia,23,1000,0.023
cheer mom baseball hat,23,1700,0.01352941176
girl dad hat trucker snapback,23,1900,0.01210526316
flat bill customized hats,23,5600,0.004107142857
personalized beanie infant,23,12100,0.001900826446
ask your dad hat,23,21600,0.001064814815
western baseball hats,23,29200,0.0007876712329
custom baseball hats mom,23,30000,0.0007666666667
custom hat with picture,23,48600,0.0004732510288
mom embroidered hat,23,49000,0.0004693877551
beach personalized hat,23,54800,0.0004197080292
brown custom hat,23,57600,0.0003993055556
wedding custom hats,23,63300,0.0003633491311
dad hat vintage,23,70500,0.0003262411348
team baseball hat,23,82800,0.0002777777778
baseball hat vintage,23,143000,0.0001608391608
personalized hat for kids,23,207000,0.0001111111111
custom hat toddler,23,219500,0.0001047835991
custom embroidered hat patch,23,309500,0.00007431340872
trucker custom hats,23,340600,0.00006752789196
personalize hat,23,1100000,0.00002090909091
dad hat mockup,22,1500,0.01466666667
party animals baseball hat,22,2200,0.01
girly baseball hat,22,2200,0.01
resist baseball hat,22,3000,0.007333333333
otto custom hat,22,3300,0.006666666667
cow print baseball hat,22,3900,0.005641025641
custom hats camo,22,21000,0.001047619048
personalized beanie for adults,22,33900,0.0006489675516
embroidered hat floral,22,50200,0.000438247012
newborn personalized beanie,22,51700,0.0004255319149
red dad hat,22,114400,0.0001923076923
baby custom hat,22,166800,0.0001318944844
ladies baseball hat,22,192100,0.0001145236856
custom hats with embroidered,22,210400,0.0001045627376
trucker custom hat,22,309200,0.00007115135834
women’s custom hat,22,323200,0.00006806930693
women’s custom hats,22,328100,0.00006705272783
custom hats women,22,455000,0.00004835164835
border collie embroidered hat,21,931,0.02255639098
branded bills custom hats,21,1300,0.01615384615
gymnastics dad hat,21,1400,0.015
queer baseball cap,21,2600,0.008076923077
flexfit custom hat,21,3200,0.0065625
fitted dad hats,21,3300,0.006363636364
hockey baseball hats,21,3600,0.005833333333
coffee dad hat,21,3900,0.005384615385
personalised hat toddler,21,4800,0.004375
dad hat fitted,21,5000,0.0042
flat bill custom hat,21,6400,0.00328125
dad hat pregnancy announcement,21,15300,0.00137254902
mum dad hat,21,22100,0.0009502262443
pet custom hat,21,39200,0.0005357142857
custom hats richardson,21,58600,0.0003583617747
bow baseball hat,21,90800,0.000231277533
custom embroidered hat front and back,21,219000,0.00009589041096
embroidered hat cap,21,251800,0.00008339952343
baseball hats funny,21,279000,0.0000752688172
250th anniversary embroidered cap,20,1200,0.01666666667
coach dad hat,20,1700,0.01176470588
ny custom hat,20,1700,0.01176470588
dad hat holder,20,1800,0.01111111111
embroidered hat mockup,20,2400,0.008333333333
mrs custom hat,20,2800,0.007142857143
toddler personalised hat,20,5300,0.003773584906
girl scout dad hat,20,7600,0.002631578947
bird embroidered hat,20,8200,0.00243902439
embroidered hat front and back,20,9000,0.002222222222
custom dog embroidered hat,20,18000,0.001111111111
personalized hat patches,20,31900,0.0006269592476
graduation custom cap,20,43100,0.000464037123
custom hats for dads,20,61300,0.0003262642741
personalized dad hats,20,78200,0.0002557544757
dad hat embroidery,20,110100,0.0001816530427
baseball hats womens,20,208500,0.00009592326139
embroidered hat kit,20,227600,0.00008787346221
embroider baseball hat,20,370100,0.0000540394488
